{"cameraMode":{"drawMode":0,"name":"Shaded","section":"Shading Mode"},"sceneLighting":true,"audioPlay":false,"sceneViewState":{"showFog":true,"showMaterialUpdate":false,"showSkybox":true,"showFlares":true,"showImageEffects":true,"showParticleSystems":true},"in2DMode":false,"pivot":{"x":-0.15703082084655763,"y":0.4609189033508301,"z":-2.638564109802246},"rotation":{"x":-0.013026656582951546,"y":0.9836453795433044,"z":-0.16107206046581269,"w":-0.07955197989940644},"size":8.747247695922852,"orthographic":false}