{"cameraMode":{"drawMode":0,"name":"Shaded","section":"Shading Mode"},"sceneLighting":true,"audioPlay":false,"sceneViewState":{"showFog":true,"showMaterialUpdate":false,"showSkybox":true,"showFlares":true,"showImageEffects":true,"showParticleSystems":true},"in2DMode":false,"pivot":{"x":0.24741889536380769,"y":-2.1083197593688967,"z":7.680861473083496},"rotation":{"x":0.1896069496870041,"y":0.02208620123565197,"z":-0.004264506045728922,"w":0.9816067218780518},"size":17.194984436035158,"orthographic":false}