{"cameraMode":{"drawMode":0,"name":"Shaded","section":"Shading Mode"},"sceneLighting":true,"audioPlay":false,"sceneViewState":{"showFog":true,"showMaterialUpdate":false,"showSkybox":true,"showFlares":true,"showImageEffects":true,"showParticleSystems":true},"in2DMode":false,"pivot":{"x":1.169336199760437,"y":-2.21416974067688,"z":8.68957233428955},"rotation":{"x":0.19665923714637757,"y":0.05878523364663124,"z":-0.011811843141913414,"w":0.978642463684082},"size":15.442105293273926,"orthographic":false}